streamId,assetCode,streamName,fuelType,subfuelType,timeInterval,intervalType
293682,ANC1,AB Newsprint,Natural Gas,Simple Gas,1 min,supply
293686,ALP1,Bantry,Natural Gas,Simple Gas,1 min,supply
293689,BHL1,Bellshill,Natural Gas,Simple Gas,1 min,supply
293705,GEN5,Carson Creek,Natural Gas,Simple Gas,1 min,supply
293714,ENC1,Cloverbar #1,Natural Gas,Simple Gas,1 min,supply
293715,ENC2,Cloverbar #2,Natural Gas,Simple Gas,1 min,supply
293716,ENC3,Cloverbar #3,Natural Gas,Simple Gas,1 min,supply
84987,CRS1,CRS1 Crossfield #1,Natural Gas,Simple Gas,1 min,supply
84997,CRS2,CRS2 Crossfield #2,Natural Gas,Simple Gas,1 min,supply
84998,CRS3,CRS3 Crossfield #3,Natural Gas,Simple Gas,1 min,supply
293725,DRW1,Drywood,Natural Gas,Simple Gas,1 min,supply
293738,HRM,H.R. Milner,Natural Gas,Simple Gas,1 min,supply
293743,GEN6,Judy Creek,Natural Gas,Simple Gas,1 min,supply
293749,ME03,Lethbridge Burdett,Natural Gas,Simple Gas,1 min,supply
293750,ME04,Lethbridge Coaldale,Natural Gas,Simple Gas,1 min,supply
293751,ME02,Lethbridge Taber,Natural Gas,Simple Gas,1 min,supply
293764,NPC2,NPC2 JL Landry,Natural Gas,Simple Gas,1 min,supply
336890,NPC3,Elmworth,Natural Gas,Simple Gas,1 min,supply
293762,NPP1,Northern Prairie Power Project,Natural Gas,Simple Gas,1 min,supply
293767,ALP2,Parkland,Natural Gas,Simple Gas,1 min,supply
23557,PH1,Poplar Hill,Natural Gas,Simple Gas,1 min,supply
23562,RB5,Rainbow #5,Natural Gas,Simple Gas,1 min,supply
193992,NAT1,Ralston,Natural Gas,Simple Gas,1 min,supply
293775,SET1,S. Edmonton Terminal,Natural Gas,Simple Gas,1 min,supply
23567,VVW1,Valley View #1,Natural Gas,Simple Gas,1 min,supply
105499,VVW2,Valley View 2,Natural Gas,Simple Gas,1 min,supply
293792,WCD1,West Cadotte,Natural Gas,Simple Gas,1 min,supply
293793,PMB1,West Pembina,Natural Gas,Simple Gas,1 min,supply
203138,ALS1,Air Liquide Scotford #1,Natural Gas,Cogen,1 min,supply
293683,HMT1,AltaGas Harmattan,Natural Gas,Cogen,1 min,supply
241570,SCR1,Base Plant,Natural Gas,Cogen,1 min,supply
293687,BCRK,Bear Creek,Natural Gas,Cogen,1 min,supply
293688,BCR2,Bear Creek 2,Natural Gas,Cogen,1 min,supply
293691,BFD1,Blackfalds,Natural Gas,Cogen,1 min,supply
293717,CNR5,CNRL Horizon,Natural Gas,Cogen,1 min,supply
293718,COD1,Coaldale,Natural Gas,Cogen,1 min,supply
293701,CRG1,Camrose,Natural Gas,Cogen,1 min,supply
293703,SHCG,Shell Caroline,Natural Gas,Cogen,1 min,supply
293704,TC01,Carseland Cogen,Natural Gas,Cogen,1 min,supply
293711,CL01,Christina Lake,Natural Gas,Cogen,1 min,supply
23554,DOWG,DOW Hydrocarbon,Natural Gas,Cogen,1 min,supply
293726,TLM2,Edson,Natural Gas,Cogen,1 min,supply
241572,SCR6,Firebag,Natural Gas,Cogen,1 min,supply
241573,FH1,Fort Hills,Natural Gas,Cogen,1 min,supply
293731,EC04,Encana Foster Creek,Natural Gas,Cogen,1 min,supply
335528,HRT1,Heartland Petrochemical,Natural Gas,Cogen,1 min,supply
23555,JOF1,Joffre #1,Natural Gas,Cogen,1 min,supply
293744,IOR3,Kearl,Natural Gas,Cogen,1 min,supply
293752,PEC1,Lindbergh,Natural Gas,Cogen,1 min,supply
293757,MEG1,MEG1 Christina Lake,Natural Gas,Cogen,1 min,supply
293753,MKRC,MacKay River,Natural Gas,Cogen,1 min,supply
293754,IOR1,Mahkeses,Natural Gas,Cogen,1 min,supply
293758,MUL1,Mulligan,Natural Gas,Cogen,1 min,supply
23556,MKR1,Muskeg River,Natural Gas,Cogen,1 min,supply
293759,IOR2,Nabiye,Natural Gas,Cogen,1 min,supply
293761,NX02,Nexen Inc #2,Natural Gas,Cogen,1 min,supply
241571,SCR5,Poplar Creek,Natural Gas,Cogen,1 min,supply
23558,PR1,Primrose #1,Natural Gas,Cogen,1 min,supply
105501,RL1,Rainbow Lake #1,Natural Gas,Cogen,1 min,supply
293769,TC02,Redwater Cogen,Natural Gas,Cogen,1 min,supply
293771,SDH1,Saddle Hills,Natural Gas,Cogen,1 min,supply
23550,APS1,ATCO Scotford Upgrader,Natural Gas,Cogen,1 min,supply
293776,IOR4,Strathcona,Natural Gas,Cogen,1 min,supply
293786,SCL1,Syncrude,Natural Gas,Cogen,1 min,supply
293788,UOC1,U of C,Natural Gas,Cogen,1 min,supply
293789,UOA1,U of A,Natural Gas,Cogen,1 min,supply
293709,EC01,Cavalier,Natural Gas,Combined Cycle,1 min,supply
23725,CAL1,ENMAX Calgary Energy Centre,Natural Gas,Combined Cycle,1 min,supply
293730,FNG1,Fort Nelson,Natural Gas,Combined Cycle,1 min,supply
293756,CMH1,Medicine Hat,Natural Gas,Combined Cycle,1 min,supply
293760,NX01,Nexen Inc #1,Natural Gas,Combined Cycle,1 min,supply
293772,EGC1,ENMAX Shepard,Natural Gas,Combined Cycle,1 min,supply
23552,BR4,Battle River#4,Natural Gas,Gas Fired Steam,1 min,supply
23553,BR5,Battle River#5,Natural Gas,Gas Fired Steam,1 min,supply
10705,KH2,Keephills #2,Natural Gas,Gas Fired Steam,1 min,supply
293747,KH3,Keephills #3,Natural Gas,Gas Fired Steam,1 min,supply
23563,SH1,Sheerness #1,Natural Gas,Gas Fired Steam,1 min,supply
23564,SH2,Sheerness #2,Natural Gas,Gas Fired Steam,1 min,supply
293785,SD6,Sundance #6,Natural Gas,Gas Fired Steam,1 min,supply
293690,BIG,Bighorn,Hydro,Hydro,1 min,supply
293694,BOW1,Bow River Hydro,Hydro,Hydro,1 min,supply
293695,BRA,Brazeau,Hydro,Hydro,1 min,supply
293710,CHIN,Chin Chutte,Hydro,Hydro,1 min,supply
293724,DKSN,Dickson Dam,Hydro,Hydro,1 min,supply
293742,ICP1,Irrican Hydro,Hydro,Hydro,1 min,supply
105500,OMRH,CUPC Oldman River,Hydro,Hydro,1 min,supply
293768,RYMD,Raymond Reservoir,Hydro,Hydro,1 min,supply
293787,TAY1,Taylor Hydro 1,Hydro,Hydro,1 min,supply
293778,SUM1,Summerview,Energy Storage,Energy Storage,1 min,supply
293729,ERV1,eReserve1 Rycroft,Energy Storage,Energy Storage,1 min,supply
327413,ERV2,eReserve2 Buffalo Creek,Energy Storage,Energy Storage,1 min,supply
293696,BRD1,Burdett BRD1,Solar,Solar,1 min,supply
293700,BUR1,Burdett BUR1,Solar,Solar,1 min,supply
293697,BSC1,Brooks Solar,Solar,Solar,1 min,supply
337717,BRK1,Brooks Solar 1,Solar,Solar,1 min,supply
337713,BRK2,Brooks Solar 2,Solar,Solar,1 min,supply
337726,COL1,Coaldale Solar,Solar,Solar,1 min,supply
293712,CLR1,Claresholm 1,Solar,Solar,1 min,supply
293713,CLR2,Claresholm 2,Solar,Solar,1 min,supply
338126,NMK1,East Strathmore Namaka,Solar,Solar,1 min,supply
326970,HYS1,Hays,Solar,Solar,1 min,supply
293740,HUL1,Hull,Solar,Solar,1 min,supply
293741,INF1,Innisfail,Solar,Solar,1 min,supply
326980,JER1,Jenner,Solar,Solar,1 min,supply
338138,MON1,Monarch,Solar,Solar,1 min,supply
336968,STR1,Strathmore 1,Solar,Solar,1 min,supply
336972,STR2,Strathmore 2,Solar,Solar,1 min,supply
293777,SUF1,Suffield,Solar,Solar,1 min,supply
336692,TVS1,Travers,Solar,Solar,1 min,supply
293790,VXH1,Vauxhall,Solar,Solar,1 min,supply
293794,WEF1,Westfield Yellow Lake,Solar,Solar,1 min,supply
293685,ARD1,Ardenville Wind,Wind,Wind,1 min,supply
293698,BUL1,BUL1 Bull Creek,Wind,Wind,1 min,supply
293699,BUL2,BUL2 Bull Creek,Wind,Wind,1 min,supply
293692,BSR1,Blackspring Ridge,Wind,Wind,1 min,supply
293693,BTR1,Blue Trail Wind,Wind,Wind,1 min,supply
293706,CR1,Castle River #1,Wind,Wind,1 min,supply
293707,CRR2,Castle Rock Ridge 2,Wind,Wind,1 min,supply
293708,CRR1,Castle Rock Wind Farm,Wind,Wind,1 min,supply
293719,CRE3,Cowley Ridge,Wind,Wind,1 min,supply
293728,TAB1,Enmax Taber,Wind,Wind,1 min,supply
293735,NEP1,Ghost Pine,Wind,Wind,1 min,supply
293739,HAL1,Halkirk Wind Power Facility,Wind,Wind,1 min,supply
293748,KHW1,Kettles Hill Wind,Wind,Wind,1 min,supply
293755,AKE1,McBride Lake Windfarm,Wind,Wind,1 min,supply
293766,OWF1,Oldman 2 Wind Farm 1,Wind,Wind,1 min,supply
335533,RTL1,Rattlesnake Ridge Wind,Wind,Wind,1 min,supply
293770,RIV1,Riverview,Wind,Wind,1 min,supply
293774,GWW1,Soderglen Wind,Wind,Wind,1 min,supply
293779,IEW1,Summerview 1,Wind,Wind,1 min,supply
293780,IEW2,Summerview 2,Wind,Wind,1 min,supply
293781,SCR3,Suncor Chin Chute,Wind,Wind,1 min,supply
293782,SCR2,Suncor Magrath,Wind,Wind,1 min,supply
293798,WHT1,Whitla,Wind,Wind,1 min,supply
327190,WHT2,Whitla 2,Wind,Wind,1 min,supply
322577,WRW1,Windrise,Wind,Wind,1 min,supply
293799,SCR4,Suncor Wintering Hills,Wind,Wind,1 min,supply
293684,AFG1,APF Athabasca,Biomass & Other,Biomass & Other,1 min,supply
327194,BON1,Bonnybrook,Biomass & Other,Biomass & Other,1 min,supply
293702,CCMH,Cancarb Medicine Hat,Biomass & Other,Biomass & Other,1 min,supply
293723,DAI1,Daishowa,Biomass & Other,Biomass & Other,1 min,supply
293736,GOC1,Gold Creek,Biomass & Other,Biomass & Other,1 min,supply
293737,GPEC,Grande Prairie EcoPower,Biomass & Other,Biomass & Other,1 min,supply
293765,NRG3,NRGreen Cogen,Biomass & Other,Biomass & Other,1 min,supply
293773,SLP1,Slave Lake,Biomass & Other,Biomass & Other,1 min,supply
293791,WWD1,Weldwood #1,Biomass & Other,Biomass & Other,1 min,supply
293795,WST1,Westlock,Biomass & Other,Biomass & Other,1 min,supply
293796,WEY1,Weyerhaeuser,Biomass & Other,Biomass & Other,1 min,supply
293797,EAGL,Whitecourt Power,Biomass & Other,Biomass & Other,1 min,supply
293732,GN1,Genesee #1,Coal,Coal,1 min,supply
293733,GN2,Genesee #2,Coal,Coal,1 min,supply
293734,GN3,Genesee #3,Coal,Coal,1 min,supply
23551,BR3,Battle River#3,Coal,Coal,1 min,supply
10700,KH1,Keephills #1,Coal,Coal,1 min,supply
293763,NPC1,NPC1 Denis St. Pierre,Natural Gas,Natural Gas,1 min,supply
23559,RB1,Rainbow #1,Natural Gas,Natural Gas,1 min,supply
23560,RB2,Rainbow #2,Natural Gas,Natural Gas,1 min,supply
23561,RB3,Rainbow #3,Natural Gas,Natural Gas,1 min,supply
23565,ST1,Sturgeon #1,Natural Gas,Natural Gas,1 min,supply
23566,ST2,Sturgeon #2,Natural Gas,Natural Gas,1 min,supply
293783,SD4,Sundance #4,Coal,Coal,1 min,supply
293784,SD5,Sundance #5,Coal,Coal,1 min,supply
129796,ANC1,AB Newsprint,Natural Gas,Simple Gas,5 min,supply
45132,ALP1,Bantry,Natural Gas,Simple Gas,5 min,supply
237687,BHL1,Bellshill,Natural Gas,Simple Gas,5 min,supply
133177,GEN5,Carson Creek,Natural Gas,Simple Gas,5 min,supply
41371,ENC1,Cloverbar #1,Natural Gas,Simple Gas,5 min,supply
63287,ENC2,Cloverbar #2,Natural Gas,Simple Gas,5 min,supply
84989,ENC3,Cloverbar #3,Natural Gas,Simple Gas,5 min,supply
84986,CRS1,CRS1 Crossfield #1,Natural Gas,Simple Gas,5 min,supply
84994,CRS2,CRS2 Crossfield #2,Natural Gas,Simple Gas,5 min,supply
84991,CRS3,CRS3 Crossfield #3,Natural Gas,Simple Gas,5 min,supply
261,DRW1,Drywood,Natural Gas,Simple Gas,5 min,supply
39,HRM,H.R. Milner,Natural Gas,Simple Gas,5 min,supply
138628,GEN6,Judy Creek,Natural Gas,Simple Gas,5 min,supply
1020,ME03,Lethbridge Burdett,Natural Gas,Simple Gas,5 min,supply
1021,ME04,Lethbridge Coaldale,Natural Gas,Simple Gas,5 min,supply
1018,ME02,Lethbridge Taber,Natural Gas,Simple Gas,5 min,supply
141176,NPC2,NPC2 JL Landry,Natural Gas,Simple Gas,5 min,supply
336893,NPC3,Elmworth,Natural Gas,Simple Gas,5 min,supply
46131,NPP1,Northern Prairie Power Project,Natural Gas,Simple Gas,5 min,supply
45131,ALP2,Parkland,Natural Gas,Simple Gas,5 min,supply
72,PH1,Poplar Hill,Natural Gas,Simple Gas,5 min,supply
993,RB5,Rainbow #5,Natural Gas,Simple Gas,5 min,supply
147546,NAT1,Ralston,Natural Gas,Simple Gas,5 min,supply
292606,SET1,S. Edmonton Terminal,Natural Gas,Simple Gas,5 min,supply
995,VVW1,Valley View #1,Natural Gas,Simple Gas,5 min,supply
45318,VVW2,Valley View 2,Natural Gas,Simple Gas,5 min,supply
140970,WCD1,West Cadotte,Natural Gas,Simple Gas,5 min,supply
292590,PMB1,West Pembina,Natural Gas,Simple Gas,5 min,supply
279,ALS1,Air Liquide Scotford #1,Natural Gas,Cogen,5 min,supply
93309,HMT1,AltaGas Harmattan,Natural Gas,Cogen,5 min,supply
268,SCR1,Base Plant,Natural Gas,Cogen,5 min,supply
1664,BCRK,Bear Creek,Natural Gas,Cogen,5 min,supply
24040,BCR2,Bear Creek 2,Natural Gas,Cogen,5 min,supply
244321,BFD1,Blackfalds,Natural Gas,Cogen,5 min,supply
46134,CNR5,CNRL Horizon,Natural Gas,Cogen,5 min,supply
245397,COD1,Coaldale,Natural Gas,Cogen,5 min,supply
156448,CRG1,Camrose,Natural Gas,Cogen,5 min,supply
43965,SHCG,Shell Caroline,Natural Gas,Cogen,5 min,supply
907,TC01,Carseland Cogen,Natural Gas,Cogen,5 min,supply
161770,CL01,Christina Lake,Natural Gas,Cogen,5 min,supply
260,DOWG,DOW Hydrocarbon,Natural Gas,Cogen,5 min,supply
5022,TLM2,Edson,Natural Gas,Cogen,5 min,supply
155849,SCR6,Firebag,Natural Gas,Cogen,5 min,supply
194380,FH1,Fort Hills,Natural Gas,Cogen,5 min,supply
2400,EC04,Encana Foster Creek,Natural Gas,Cogen,5 min,supply
335525,HRT1,Heartland Petrochemical,Natural Gas,Cogen,5 min,supply
265,JOF1,Joffre #1,Natural Gas,Cogen,5 min,supply
140962,IOR3,Kearl,Natural Gas,Cogen,5 min,supply
156445,PEC1,Lindbergh,Natural Gas,Cogen,5 min,supply
83940,MEG1,MEG1 Christina Lake,Natural Gas,Cogen,5 min,supply
3431,MKRC,MacKay River,Natural Gas,Cogen,5 min,supply
1537,IOR1,Mahkeses,Natural Gas,Cogen,5 min,supply
241632,MUL1,Mulligan,Natural Gas,Cogen,5 min,supply
1490,MKR1,Muskeg River,Natural Gas,Cogen,5 min,supply
140246,IOR2,Nabiye,Natural Gas,Cogen,5 min,supply
41368,NX02,Nexen Inc #2,Natural Gas,Cogen,5 min,supply
155852,SCR5,Poplar Creek,Natural Gas,Cogen,5 min,supply
71,PR1,Primrose #1,Natural Gas,Cogen,5 min,supply
113,RL1,Rainbow Lake #1,Natural Gas,Cogen,5 min,supply
908,TC02,Redwater Cogen,Natural Gas,Cogen,5 min,supply
244318,SDH1,Saddle Hills,Natural Gas,Cogen,5 min,supply
1666,APS1,ATCO Scotford Upgrader,Natural Gas,Cogen,5 min,supply
278203,IOR4,Strathcona,Natural Gas,Cogen,5 min,supply
269,SCL1,Syncrude,Natural Gas,Cogen,5 min,supply
124127,UOC1,U of C,Natural Gas,Cogen,5 min,supply
1024,UOA1,U of A,Natural Gas,Cogen,5 min,supply
688,EC01,Cavalier,Natural Gas,Combined Cycle,5 min,supply
2042,CAL1,ENMAX Calgary Energy Centre,Natural Gas,Combined Cycle,5 min,supply
222,FNG1,Fort Nelson,Natural Gas,Combined Cycle,5 min,supply
271,CMH1,Medicine Hat,Natural Gas,Combined Cycle,5 min,supply
909,NX01,Nexen Inc #1,Natural Gas,Combined Cycle,5 min,supply
137054,EGC1,ENMAX Shepard,Natural Gas,Combined Cycle,5 min,supply
37,BR4,Battle River#4,Natural Gas,Gas Fired Steam,5 min,supply
38,BR5,Battle River#5,Natural Gas,Gas Fired Steam,5 min,supply
21,KH2,Keephills #2,Natural Gas,Gas Fired Steam,5 min,supply
93931,KH3,Keephills #3,Natural Gas,Gas Fired Steam,5 min,supply
34,SH1,Sheerness #1,Natural Gas,Gas Fired Steam,5 min,supply
35,SH2,Sheerness #2,Natural Gas,Gas Fired Steam,5 min,supply
29,SD6,Sundance #6,Natural Gas,Gas Fired Steam,5 min,supply
69,BIG,Bighorn,Hydro,Hydro,5 min,supply
278,BOW1,Bow River Hydro,Hydro,Hydro,5 min,supply
70,BRA,Brazeau,Hydro,Hydro,5 min,supply
258,CHIN,Chin Chutte,Hydro,Hydro,5 min,supply
1026,DKSN,Dickson Dam,Hydro,Hydro,5 min,supply
5626,ICP1,Irrican Hydro,Hydro,Hydro,5 min,supply
1536,OMRH,CUPC Oldman River,Hydro,Hydro,5 min,supply
267,RYMD,Raymond Reservoir,Hydro,Hydro,5 min,supply
576,TAY1,Taylor Hydro 1,Hydro,Hydro,5 min,supply
290372,SUM1,Summerview,Energy Storage,Energy Storage,5 min,supply
290409,ERV1,eReserve1 Rycroft,Energy Storage,Energy Storage,5 min,supply
327410,ERV2,eReserve2 Buffalo Creek,Energy Storage,Energy Storage,5 min,supply
292581,BRD1,Burdett BRD1,Solar,Solar,5 min,supply
292603,BUR1,Burdett BUR1,Solar,Solar,5 min,supply
198886,BSC1,Brooks Solar,Solar,Solar,5 min,supply
337714,BRK1,Brooks Solar 1,Solar,Solar,5 min,supply
337710,BRK2,Brooks Solar 2,Solar,Solar,5 min,supply
337727,COL1,Coaldale Solar,Solar,Solar,5 min,supply
292584,CLR1,Claresholm 1,Solar,Solar,5 min,supply
292587,CLR2,Claresholm 2,Solar,Solar,5 min,supply
338123,NMK1,East Strathmore Namaka,Solar,Solar,5 min,supply
326971,HYS1,Hays,Solar,Solar,5 min,supply
256551,HUL1,Hull,Solar,Solar,5 min,supply
256974,INF1,Innisfail,Solar,Solar,5 min,supply
326981,JER1,Jenner,Solar,Solar,5 min,supply
338139,MON1,Monarch,Solar,Solar,5 min,supply
336969,STR1,Strathmore 1,Solar,Solar,5 min,supply
336973,STR2,Strathmore 2,Solar,Solar,5 min,supply
278207,SUF1,Suffield,Solar,Solar,5 min,supply
336689,TVS1,Travers,Solar,Solar,5 min,supply
254129,VXH1,Vauxhall,Solar,Solar,5 min,supply
292600,WEF1,Westfield Yellow Lake,Solar,Solar,5 min,supply
93924,ARD1,Ardenville Wind,Wind,Wind,5 min,supply
155939,BUL1,BUL1 Bull Creek,Wind,Wind,5 min,supply
155942,BUL2,BUL2 Bull Creek,Wind,Wind,5 min,supply
135613,BSR1,Blackspring Ridge,Wind,Wind,5 min,supply
83936,BTR1,Blue Trail Wind,Wind,Wind,5 min,supply
997,CR1,Castle River #1,Wind,Wind,5 min,supply
245351,CRR2,Castle Rock Ridge 2,Wind,Wind,5 min,supply
111881,CRR1,Castle Rock Wind Farm,Wind,Wind,5 min,supply
259,CRE3,Cowley Ridge,Wind,Wind,5 min,supply
24043,TAB1,Enmax Taber,Wind,Wind,5 min,supply
93925,NEP1,Ghost Pine,Wind,Wind,5 min,supply
118032,HAL1,Halkirk Wind Power Facility,Wind,Wind,5 min,supply
8409,KHW1,Kettles Hill Wind,Wind,Wind,5 min,supply
2735,AKE1,McBride Lake Windfarm,Wind,Wind,5 min,supply
137051,OWF1,Oldman 2 Wind Farm 1,Wind,Wind,5 min,supply
335532,RTL1,Rattlesnake Ridge Wind,Wind,Wind,5 min,supply
245354,RIV1,Riverview,Wind,Wind,5 min,supply
14604,GWW1,Soderglen Wind,Wind,Wind,5 min,supply
4770,IEW1,Summerview 1,Wind,Wind,5 min,supply
86410,IEW2,Summerview 2,Wind,Wind,5 min,supply
15079,SCR3,Suncor Chin Chute,Wind,Wind,5 min,supply
4531,SCR2,Suncor Magrath,Wind,Wind,5 min,supply
244987,WHT1,Whitla,Wind,Wind,5 min,supply
327189,WHT2,Whitla 2,Wind,Wind,5 min,supply
322575,WRW1,Windrise,Wind,Wind,5 min,supply
101786,SCR4,Suncor Wintering Hills,Wind,Wind,5 min,supply
1025,AFG1,APF Athabasca,Biomass & Other,Biomass & Other,5 min,supply
327193,BON1,Bonnybrook,Biomass & Other,Biomass & Other,5 min,supply
41613,CCMH,Cancarb Medicine Hat,Biomass & Other,Biomass & Other,5 min,supply
102251,DAI1,Daishowa,Biomass & Other,Biomass & Other,5 min,supply
264,GOC1,Gold Creek,Biomass & Other,Biomass & Other,5 min,supply
5025,GPEC,Grande Prairie EcoPower,Biomass & Other,Biomass & Other,5 min,supply
127169,NRG3,NRGreen Cogen,Biomass & Other,Biomass & Other,5 min,supply
161479,SLP1,Slave Lake,Biomass & Other,Biomass & Other,5 min,supply
94039,WWD1,Weldwood #1,Biomass & Other,Biomass & Other,5 min,supply
270,WST1,Westlock,Biomass & Other,Biomass & Other,5 min,supply
98495,WEY1,Weyerhaeuser,Biomass & Other,Biomass & Other,5 min,supply
263,EAGL,Whitecourt Power,Biomass & Other,Biomass & Other,5 min,supply
48,GN1,Genesee #1,Coal,Coal,5 min,supply
49,GN2,Genesee #2,Coal,Coal,5 min,supply
4851,GN3,Genesee #3,Coal,Coal,5 min,supply
36,BR3,Battle River#3,Coal,Coal,5 min,supply
1022,PW01,Buck Lake,Natural Gas,Natural Gas,5 min,supply
262,DV1,Drayton Valley Power,Biomass,Biomass,5 min,supply
147295,MFG1,High River,Natural Gas,Natural Gas,5 min,supply
161489,HSM1,House Mountain,Natural Gas,Natural Gas,5 min,supply
4,KH1,Keephills #1,Coal,Coal,5 min,supply
4500,NPC1,NPC1 Denis St. Pierre,Natural Gas,Natural Gas,5 min,supply
45,RB1,Rainbow #1,Natural Gas,Natural Gas,5 min,supply
46,RB2,Rainbow #2,Natural Gas,Natural Gas,5 min,supply
47,RB3,Rainbow #3,Natural Gas,Natural Gas,5 min,supply
43,ST1,Sturgeon #1,Natural Gas,Natural Gas,5 min,supply
44,ST2,Sturgeon #2,Natural Gas,Natural Gas,5 min,supply
22,SD1,Sundance #1,Coal,Coal,5 min,supply
25,SD2,Sundance #2,Coal,Coal,5 min,supply
26,SD3,Sundance #3,Coal,Coal,5 min,supply
27,SD4,Sundance #4,Coal,Coal,5 min,supply
28,SD5,Sundance #5,Coal,Coal,5 min,supply
8406,TAY2,Taylor Wind,Wind,Wind,5 min,supply
33,WB4,Wabamun #4,Coal,Coal,5 min,supply
1456,WWDC,Weldwood,Biomass & Other,Biomass & Other,5 min,supply
94040,WWD2,Weldwood #2,Biomass & Other,Biomass & Other,5 min,supply
129794,ANC1,AB Newsprint,Natural Gas,Simple Gas,5 min,reserve
45134,ALP1,Bantry,Natural Gas,Simple Gas,5 min,reserve
237688,BHL1,Bellshill,Natural Gas,Simple Gas,5 min,reserve
133175,GEN5,Carson Creek,Natural Gas,Simple Gas,5 min,reserve
41372,ENC1,Cloverbar #1,Natural Gas,Simple Gas,5 min,reserve
63288,ENC2,Cloverbar #2,Natural Gas,Simple Gas,5 min,reserve
84990,ENC3,Cloverbar #3,Natural Gas,Simple Gas,5 min,reserve
84984,CRS1,CRS1 Crossfield #1,Natural Gas,Simple Gas,5 min,reserve
84996,CRS2,CRS2 Crossfield #2,Natural Gas,Simple Gas,5 min,reserve
84993,CRS3,CRS3 Crossfield #3,Natural Gas,Simple Gas,5 min,reserve
928,DRW1,Drywood,Natural Gas,Simple Gas,5 min,reserve
952,HRM,H.R. Milner,Natural Gas,Simple Gas,5 min,reserve
138626,GEN6,Judy Creek,Natural Gas,Simple Gas,5 min,reserve
1028,ME03,Lethbridge Burdett,Natural Gas,Simple Gas,5 min,reserve
1029,ME04,Lethbridge Coaldale,Natural Gas,Simple Gas,5 min,reserve
1019,ME02,Lethbridge Taber,Natural Gas,Simple Gas,5 min,reserve
141174,NPC2,NPC2 JL Landry,Natural Gas,Simple Gas,5 min,reserve
336891,NPC3,Elmworth,Natural Gas,Simple Gas,5 min,reserve
46132,NPP1,Northern Prairie Power Project,Natural Gas,Simple Gas,5 min,reserve
45133,ALP2,Parkland,Natural Gas,Simple Gas,5 min,reserve
968,PH1,Poplar Hill,Natural Gas,Simple Gas,5 min,reserve
994,RB5,Rainbow #5,Natural Gas,Simple Gas,5 min,reserve
147544,NAT1,Ralston,Natural Gas,Simple Gas,5 min,reserve
292607,SET1,S. Edmonton Terminal,Natural Gas,Simple Gas,5 min,reserve
996,VVW1,Valley View #1,Natural Gas,Simple Gas,5 min,reserve
45319,VVW2,Valley View 2,Natural Gas,Simple Gas,5 min,reserve
140971,WCD1,West Cadotte,Natural Gas,Simple Gas,5 min,reserve
292591,PMB1,West Pembina,Natural Gas,Simple Gas,5 min,reserve
918,ALS1,Air Liquide Scotford #1,Natural Gas,Cogen,5 min,reserve
93310,HMT1,AltaGas Harmattan,Natural Gas,Cogen,5 min,reserve
921,SCR1,Base Plant,Natural Gas,Cogen,5 min,reserve
1665,BCRK,Bear Creek,Natural Gas,Cogen,5 min,reserve
24041,BCR2,Bear Creek 2,Natural Gas,Cogen,5 min,reserve
244322,BFD1,Blackfalds,Natural Gas,Cogen,5 min,reserve
46135,CNR5,CNRL Horizon,Natural Gas,Cogen,5 min,reserve
245398,COD1,Coaldale,Natural Gas,Cogen,5 min,reserve
156450,CRG1,Camrose,Natural Gas,Cogen,5 min,reserve
43966,SHCG,Shell Caroline,Natural Gas,Cogen,5 min,reserve
932,TC01,Carseland Cogen,Natural Gas,Cogen,5 min,reserve
161768,CL01,Christina Lake,Natural Gas,Cogen,5 min,reserve
927,DOWG,DOW Hydrocarbon,Natural Gas,Cogen,5 min,reserve
5023,TLM2,Edson,Natural Gas,Cogen,5 min,reserve
155851,SCR6,Firebag,Natural Gas,Cogen,5 min,reserve
194378,FH1,Fort Hills,Natural Gas,Cogen,5 min,reserve
2401,EC04,Encana Foster Creek,Natural Gas,Cogen,5 min,reserve
335526,HRT1,Heartland Petrochemical,Natural Gas,Cogen,5 min,reserve
919,JOF1,Joffre #1,Natural Gas,Cogen,5 min,reserve
140963,IOR3,Kearl,Natural Gas,Cogen,5 min,reserve
156447,PEC1,Lindbergh,Natural Gas,Cogen,5 min,reserve
83941,MEG1,MEG1 Christina Lake,Natural Gas,Cogen,5 min,reserve
3432,MKRC,MacKay River,Natural Gas,Cogen,5 min,reserve
1539,IOR1,Mahkeses,Natural Gas,Cogen,5 min,reserve
241633,MUL1,Mulligan,Natural Gas,Cogen,5 min,reserve
1491,MKR1,Muskeg River,Natural Gas,Cogen,5 min,reserve
140244,IOR2,Nabiye,Natural Gas,Cogen,5 min,reserve
41369,NX02,Nexen Inc #2,Natural Gas,Cogen,5 min,reserve
155854,SCR5,Poplar Creek,Natural Gas,Cogen,5 min,reserve
967,PR1,Primrose #1,Natural Gas,Cogen,5 min,reserve
975,RL1,Rainbow Lake #1,Natural Gas,Cogen,5 min,reserve
933,TC02,Redwater Cogen,Natural Gas,Cogen,5 min,reserve
244319,SDH1,Saddle Hills,Natural Gas,Cogen,5 min,reserve
1667,APS1,ATCO Scotford Upgrader,Natural Gas,Cogen,5 min,reserve
278204,IOR4,Strathcona,Natural Gas,Cogen,5 min,reserve
922,SCL1,Syncrude,Natural Gas,Cogen,5 min,reserve
124128,UOC1,U of C,Natural Gas,Cogen,5 min,reserve
1032,UOA1,U of A,Natural Gas,Cogen,5 min,reserve
917,EC01,Cavalier,Natural Gas,Combined Cycle,5 min,reserve
2043,CAL1,ENMAX Calgary Energy Centre,Natural Gas,Combined Cycle,5 min,reserve
972,FNG1,Fort Nelson,Natural Gas,Combined Cycle,5 min,reserve
924,CMH1,Medicine Hat,Natural Gas,Combined Cycle,5 min,reserve
934,NX01,Nexen Inc #1,Natural Gas,Combined Cycle,5 min,reserve
137052,EGC1,ENMAX Shepard,Natural Gas,Combined Cycle,5 min,reserve
950,BR4,Battle River#4,Natural Gas,Gas Fired Steam,5 min,reserve
951,BR5,Battle River#5,Natural Gas,Gas Fired Steam,5 min,reserve
936,KH2,Keephills #2,Natural Gas,Gas Fired Steam,5 min,reserve
93932,KH3,Keephills #3,Natural Gas,Gas Fired Steam,5 min,reserve
947,SH1,Sheerness #1,Natural Gas,Gas Fired Steam,5 min,reserve
948,SH2,Sheerness #2,Natural Gas,Gas Fired Steam,5 min,reserve
942,SD6,Sundance #6,Natural Gas,Gas Fired Steam,5 min,reserve
969,BIG,Bighorn,Hydro,Hydro,5 min,reserve
973,BOW1,Bow River Hydro,Hydro,Hydro,5 min,reserve
970,BRA,Brazeau,Hydro,Hydro,5 min,reserve
925,CHIN,Chin Chutte,Hydro,Hydro,5 min,reserve
1034,DKSN,Dickson Dam,Hydro,Hydro,5 min,reserve
5627,ICP1,Irrican Hydro,Hydro,Hydro,5 min,reserve
1538,OMRH,CUPC Oldman River,Hydro,Hydro,5 min,reserve
920,RYMD,Raymond Reservoir,Hydro,Hydro,5 min,reserve
916,TAY1,Taylor Hydro 1,Hydro,Hydro,5 min,reserve
290374,SUM1,Summerview,Energy Storage,Energy Storage,5 min,reserve
290410,ERV1,eReserve1 Rycroft,Energy Storage,Energy Storage,5 min,reserve
327411,ERV2,eReserve2 Buffalo Creek,Energy Storage,Energy Storage,5 min,reserve
292582,BRD1,Burdett BRD1,Solar,Solar,5 min,reserve
292604,BUR1,Burdett BUR1,Solar,Solar,5 min,reserve
198887,BSC1,Brooks Solar,Solar,Solar,5 min,reserve
337715,BRK1,Brooks Solar 1,Solar,Solar,5 min,reserve
337711,BRK2,Brooks Solar 2,Solar,Solar,5 min,reserve
337724,COL1,Coaldale Solar,Solar,Solar,5 min,reserve
292585,CLR1,Claresholm 1,Solar,Solar,5 min,reserve
292588,CLR2,Claresholm 2,Solar,Solar,5 min,reserve
338124,NMK1,East Strathmore Namaka,Solar,Solar,5 min,reserve
326972,HYS1,Hays,Solar,Solar,5 min,reserve
256552,HUL1,Hull,Solar,Solar,5 min,reserve
256975,INF1,Innisfail,Solar,Solar,5 min,reserve
326978,JER1,Jenner,Solar,Solar,5 min,reserve
338136,MON1,Monarch,Solar,Solar,5 min,reserve
336970,STR1,Strathmore 1,Solar,Solar,5 min,reserve
336974,STR2,Strathmore 2,Solar,Solar,5 min,reserve
278209,SUF1,Suffield,Solar,Solar,5 min,reserve
336690,TVS1,Travers,Solar,Solar,5 min,reserve
254130,VXH1,Vauxhall,Solar,Solar,5 min,reserve
292601,WEF1,Westfield Yellow Lake,Solar,Solar,5 min,reserve
93926,ARD1,Ardenville Wind,Wind,Wind,5 min,reserve
155937,BUL1,BUL1 Bull Creek,Wind,Wind,5 min,reserve
155940,BUL2,BUL2 Bull Creek,Wind,Wind,5 min,reserve
135614,BSR1,Blackspring Ridge,Wind,Wind,5 min,reserve
83937,BTR1,Blue Trail Wind,Wind,Wind,5 min,reserve
998,CR1,Castle River #1,Wind,Wind,5 min,reserve
245352,CRR2,Castle Rock Ridge 2,Wind,Wind,5 min,reserve
111882,CRR1,Castle Rock Wind Farm,Wind,Wind,5 min,reserve
926,CRE3,Cowley Ridge,Wind,Wind,5 min,reserve
24044,TAB1,Enmax Taber,Wind,Wind,5 min,reserve
93927,NEP1,Ghost Pine,Wind,Wind,5 min,reserve
118033,HAL1,Halkirk Wind Power Facility,Wind,Wind,5 min,reserve
8410,KHW1,Kettles Hill Wind,Wind,Wind,5 min,reserve
2737,AKE1,McBride Lake Windfarm,Wind,Wind,5 min,reserve
137049,OWF1,Oldman 2 Wind Farm 1,Wind,Wind,5 min,reserve
335530,RTL1,Rattlesnake Ridge Wind,Wind,Wind,5 min,reserve
245355,RIV1,Riverview,Wind,Wind,5 min,reserve
14605,GWW1,Soderglen Wind,Wind,Wind,5 min,reserve
4771,IEW1,Summerview 1,Wind,Wind,5 min,reserve
86411,IEW2,Summerview 2,Wind,Wind,5 min,reserve
15080,SCR3,Suncor Chin Chute,Wind,Wind,5 min,reserve
4532,SCR2,Suncor Magrath,Wind,Wind,5 min,reserve
244988,WHT1,Whitla,Wind,Wind,5 min,reserve
327192,WHT2,Whitla 2,Wind,Wind,5 min,reserve
322576,WRW1,Windrise,Wind,Wind,5 min,reserve
101787,SCR4,Suncor Wintering Hills,Wind,Wind,5 min,reserve
1033,AFG1,APF Athabasca,Biomass & Other,Biomass & Other,5 min,reserve
327196,BON1,Bonnybrook,Biomass & Other,Biomass & Other,5 min,reserve
41614,CCMH,Cancarb Medicine Hat,Biomass & Other,Biomass & Other,5 min,reserve
102252,DAI1,Daishowa,Biomass & Other,Biomass & Other,5 min,reserve
931,GOC1,Gold Creek,Biomass & Other,Biomass & Other,5 min,reserve
5026,GPEC,Grande Prairie EcoPower,Biomass & Other,Biomass & Other,5 min,reserve
127170,NRG3,NRGreen Cogen,Biomass & Other,Biomass & Other,5 min,reserve
161481,SLP1,Slave Lake,Biomass & Other,Biomass & Other,5 min,reserve
94037,WWD1,Weldwood #1,Biomass & Other,Biomass & Other,5 min,reserve
923,WST1,Westlock,Biomass & Other,Biomass & Other,5 min,reserve
98496,WEY1,Weyerhaeuser,Biomass & Other,Biomass & Other,5 min,reserve
930,EAGL,Whitecourt Power,Biomass & Other,Biomass & Other,5 min,reserve
958,GN1,Genesee #1,Coal,Coal,5 min,reserve
959,GN2,Genesee #2,Coal,Coal,5 min,reserve
4853,GN3,Genesee #3,Coal,Coal,5 min,reserve
949,BR3,Battle River#3,Coal,Coal,5 min,reserve
1030,PW01,Buck Lake,Natural Gas,Natural Gas,5 min,reserve
929,DV1,Drayton Valley Power,Biomass,Biomass,5 min,reserve
147293,MFG1,High River,Natural Gas,Natural Gas,5 min,reserve
161490,HSM1,House Mountain,Natural Gas,Natural Gas,5 min,reserve
935,KH1,Keephills #1,Coal,Coal,5 min,reserve
4501,NPC1,NPC1 Denis St. Pierre,Natural Gas,Natural Gas,5 min,reserve
955,RB1,Rainbow #1,Natural Gas,Natural Gas,5 min,reserve
956,RB2,Rainbow #2,Natural Gas,Natural Gas,5 min,reserve
957,RB3,Rainbow #3,Natural Gas,Natural Gas,5 min,reserve
953,ST1,Sturgeon #1,Natural Gas,Natural Gas,5 min,reserve
954,ST2,Sturgeon #2,Natural Gas,Natural Gas,5 min,reserve
937,SD1,Sundance #1,Coal,Coal,5 min,reserve
938,SD2,Sundance #2,Coal,Coal,5 min,reserve
939,SD3,Sundance #3,Coal,Coal,5 min,reserve
940,SD4,Sundance #4,Coal,Coal,5 min,reserve
941,SD5,Sundance #5,Coal,Coal,5 min,reserve
8407,TAY2,Taylor Wind,Wind,Wind,5 min,reserve
946,WB4,Wabamun #4,Coal,Coal,5 min,reserve
1457,WWDC,Weldwood,Biomass & Other,Biomass & Other,5 min,reserve
94038,WWD2,Weldwood #2,Biomass & Other,Biomass & Other,5 min,reserve
129795,ANC1,AB Newsprint,Natural Gas,Simple Gas,1 hr,supply
2011,ALS1,Air Liquide Scotford #1,Natural Gas,Cogen,1 hr,supply
93311,HMT1,AltaGas Harmattan,Natural Gas,Cogen,1 hr,supply
2038,AFG1,APF Athabasca,Biomass & Other,Biomass & Other,1 hr,supply
93928,ARD1,Ardenville Wind,Wind,Wind,1 hr,supply
1964,APS1,ATCO Scotford Upgrader,Natural Gas,Cogen,1 hr,supply
45136,ALP1,Bantry,Natural Gas,Simple Gas,1 hr,supply
2015,SCR1,Base Plant,Natural Gas,Cogen,1 hr,supply
1973,BR3,Battle River#3,Coal,Coal,1 hr,supply
1974,BR4,Battle River#4,Natural Gas,Gas Fired,1 hr,supply
1975,BR5,Battle River#5,Natural Gas,Gas Fired,1 hr,supply
24042,BCR2,Bear Creek 2,Natural Gas,Cogen,1 hr,supply
1963,BCRK,Bear Creek,Natural Gas,Cogen,1 hr,supply
237689,BHL1,Bellshill,Natural Gas,Simple Gas,1 hr,supply
2004,BIG,Bighorn,Hydro,Hydro,1 hr,supply
244323,BFD1,Blackfalds,Natural Gas,Cogen,1 hr,supply
135615,BSR1,Blackspring Ridge,Wind,Wind,1 hr,supply
83935,BTR1,Blue Trail Wind,Wind,Wind,1 hr,supply
327195,BON1,Bonnybrook,Biomass & Other,Biomass & Other,1 hr,supply
2019,BOW1,Bow River Hydro,Hydro,Hydro,1 hr,supply
2005,BRA,Brazeau,Hydro,Hydro,1 hr,supply
337716,BRK1,Brooks Solar 1,Solar,Solar,1 hr,supply
337712,BRK2,Brooks Solar 2,Solar,Solar,1 hr,supply
198888,BSC1,Brooks Solar,Solar,Solar,1 hr,supply
2035,PW01,Buck Lake,Natural Gas,Natural Gas,1 hr,supply
155938,BUL1,BUL1 Bull Creek,Wind,Wind,1 hr,supply
155941,BUL2,BUL2 Bull Creek,Wind,Wind,1 hr,supply
292583,BRD1,Burdett BRD1,Solar,Solar,1 hr,supply
292605,BUR1,Burdett BUR1,Solar,Solar,1 hr,supply
156449,CRG1,Camrose,Natural Gas,Cogen,1 hr,supply
41615,CCMH,Cancarb Medicine Hat,Biomass & Other,Biomass & Other,1 hr,supply
2028,TC01,Carseland Cogen,Natural Gas,Cogen,1 hr,supply
133176,GEN5,Carson Creek,Natural Gas,Simple Gas,1 hr,supply
2032,CR1,Castle River #1,Wind,Wind,1 hr,supply
245350,CRR2,Castle Rock Ridge 2,Wind,Wind,1 hr,supply
111880,CRR1,Castle Rock Wind Farm,Wind,Wind,1 hr,supply
1958,EC01,Cavalier,Natural Gas,Combined Cycle,1 hr,supply
2021,CHIN,Chin Chutte,Hydro,Hydro,1 hr,supply
161769,CL01,Christina Lake,Natural Gas,Cogen,1 hr,supply
292586,CLR1,Claresholm 1,Solar,Solar,1 hr,supply
292589,CLR2,Claresholm 2,Solar,Solar,1 hr,supply
41373,ENC1,Cloverbar #1,Natural Gas,Simple Gas,1 hr,supply
63349,ENC2,Cloverbar #2,Natural Gas,Simple Gas,1 hr,supply
84988,ENC3,Cloverbar #3,Natural Gas,Simple Gas,1 hr,supply
46133,CNR5,CNRL Horizon,Natural Gas,Cogen,1 hr,supply
245399,COD1,Coaldale,Natural Gas,Cogen,1 hr,supply
337725,COL1,Coaldale Solar,Solar,Solar,1 hr,supply
2022,CRE3,Cowley Ridge,Wind,Wind,1 hr,supply
84985,CRS1,CRS1 Crossfield #1,Natural Gas,Simple Gas,1 hr,supply
84995,CRS2,CRS2 Crossfield #2,Natural Gas,Simple Gas,1 hr,supply
84992,CRS3,CRS3 Crossfield #3,Natural Gas,Simple Gas,1 hr,supply
1962,OMRH,CUPC Oldman River,Hydro,Hydro,1 hr,supply
102253,DAI1,Daishowa,Biomass & Other,Biomass & Other,1 hr,supply
2039,DKSN,Dickson Dam,Hydro,Hydro,1 hr,supply
2023,DOWG,DOW Hydrocarbon,Natural Gas,Cogen,1 hr,supply
2025,DV1,Drayton Valley Power,Biomass,Biomass,1 hr,supply
2024,DRW1,Drywood,Natural Gas,Simple Gas,1 hr,supply
338125,NMK1,East Strathmore Namaka,Solar,Solar,1 hr,supply
5024,TLM2,Edson,Natural Gas,Cogen,1 hr,supply
336892,NPC3,Elmworth,Natural Gas,Simple Gas,1 hr,supply
2402,EC04,Encana Foster Creek,Natural Gas,Cogen,1 hr,supply
2044,CAL1,ENMAX Calgary Energy Centre,Natural Gas,Combined Cycle,1 hr,supply
137053,EGC1,ENMAX Shepard,Natural Gas,Combined Cycle,1 hr,supply
24045,TAB1,Enmax Taber,Wind,Wind,1 hr,supply
290411,ERV1,eReserve1 Rycroft,Energy Storage,Energy Storage,1 hr,supply
327412,ERV2,eReserve2 Buffalo Creek,Energy Storage,Energy Storage,1 hr,supply
155850,SCR6,Firebag,Natural Gas,Cogen,1 hr,supply
194379,FH1,Fort Hills,Natural Gas,Cogen,1 hr,supply
2010,FNG1,Fort Nelson,Natural Gas,Combined Cycle,1 hr,supply
1982,GN1,Genesee #1,Coal,Coal,1 hr,supply
1983,GN2,Genesee #2,Coal,Coal,1 hr,supply
4854,GN3,Genesee #3,Coal,Coal,1 hr,supply
93929,NEP1,Ghost Pine,Wind,Wind,1 hr,supply
2027,GOC1,Gold Creek,Biomass & Other,Biomass & Other,1 hr,supply
5027,GPEC,Grande Prairie EcoPower,Biomass & Other,Biomass & Other,1 hr,supply
1976,HRM,H.R. Milner,Natural Gas,Simple Gas,1 hr,supply
118034,HAL1,Halkirk Wind Power Facility,Wind,Wind,1 hr,supply
326973,HYS1,Hays,Solar,Solar,1 hr,supply
335527,HRT1,Heartland Petrochemical,Natural Gas,Cogen,1 hr,supply
147294,MFG1,High River,Natural Gas,Natural Gas,1 hr,supply
161491,HSM1,House Mountain,Natural Gas,Natural Gas,1 hr,supply
256553,HUL1,Hull,Solar,Solar,1 hr,supply
256976,INF1,Innisfail,Solar,Solar,1 hr,supply
5628,ICP1,Irrican Hydro,Hydro,Hydro,1 hr,supply
326979,JER1,Jenner,Solar,Solar,1 hr,supply
2012,JOF1,Joffre #1,Natural Gas,Cogen,1 hr,supply
138627,GEN6,Judy Creek,Natural Gas,Simple Gas,1 hr,supply
140964,IOR3,Kearl,Natural Gas,Cogen,1 hr,supply
1965,KH1,Keephills #1,Coal,Coal,1 hr,supply
1966,KH2,Keephills #2,Natural Gas,Gas Fired,1 hr,supply
93933,KH3,Keephills #3,Natural Gas,Gas Fired,1 hr,supply
8411,KHW1,Kettles Hill Wind,Wind,Wind,1 hr,supply
2033,ME03,Lethbridge Burdett,Natural Gas,Simple Gas,1 hr,supply
2034,ME04,Lethbridge Coaldale,Natural Gas,Simple Gas,1 hr,supply
1960,ME02,Lethbridge Taber,Natural Gas,Simple Gas,1 hr,supply
156446,PEC1,Lindbergh,Natural Gas,Cogen,1 hr,supply
3433,MKRC,MacKay River,Natural Gas,Cogen,1 hr,supply
2041,IOR1,Mahkeses,Natural Gas,Cogen,1 hr,supply
2736,AKE1,McBride Lake,Wind,Wind,1 hr,supply
2018,CMH1,Medicine Hat,Natural Gas,Combined Cycle,1 hr,supply
83942,MEG1,MEG1 Christina Lake,Natural Gas,Cogen,1 hr,supply
241634,MUL1,Mulligan,Natural Gas,Cogen,1 hr,supply
2040,MKR1,Muskeg River,Natural Gas,Cogen,1 hr,supply
140245,IOR2,Nabiye,Natural Gas,Cogen,1 hr,supply
2030,NX01,Nexen Inc #1,Natural Gas,Combined Cycle,1 hr,supply
41370,NX02,Nexen Inc #2,Natural Gas,Cogen,1 hr,supply
46130,NPP1,Northern Prairie Power Project,Natural Gas,Simple Gas,1 hr,supply
4502,NPC1,NPC1 Denis St. Pierre,Natural Gas,Natural Gas,1 hr,supply
141175,NPC2,NPC2 JL Landry,Natural Gas,Simple Gas,1 hr,supply
127171,NRG3,NRGreen Cogen,Biomass & Other,Biomass & Other,1 hr,supply
137050,OWF1,Oldman 2 Wind Farm 1,Wind,Wind,1 hr,supply
45135,ALP2,Parkland,Natural Gas,Simple Gas,1 hr,supply
155853,SCR5,Poplar Creek,Natural Gas,Cogen,1 hr,supply
1992,PH1,Poplar Hill,Natural Gas,Simple Gas,1 hr,supply
1991,PR1,Primrose #1,Natural Gas,Cogen,1 hr,supply
1979,RB1,Rainbow #1,Natural Gas,Natural Gas,1 hr,supply
1980,RB2,Rainbow #2,Natural Gas,Natural Gas,1 hr,supply
1981,RB3,Rainbow #3,Natural Gas,Natural Gas,1 hr,supply
1959,RB5,Rainbow #5,Natural Gas,Simple Gas,1 hr,supply
2006,RL1,Rainbow Lake #1,Natural Gas,Cogen,1 hr,supply
147545,NAT1,Ralston,Natural Gas,Simple Gas,1 hr,supply
335531,RTL1,Rattlesnake Ridge Wind,Wind,Wind,1 hr,supply
2014,RYMD,Raymond Reservoir,Hydro,Hydro,1 hr,supply
2029,TC02,Redwater Cogen,Natural Gas,Cogen,1 hr,supply
245353,RIV1,Riverview,Wind,Wind,1 hr,supply
292608,SET1,S. Edmonton Terminal,Natural Gas,Simple Gas,1 hr,supply
244320,SDH1,Saddle Hills,Natural Gas,Cogen,1 hr,supply
1971,SH1,Sheerness #1,Natural Gas,Gas Fired,1 hr,supply
1972,SH2,Sheerness #2,Natural Gas,Gas Fired,1 hr,supply
43967,SHCG,Shell Caroline,Natural Gas,Cogen,1 hr,supply
161480,SLP1,Slave Lake,Biomass & Other,Biomass & Other,1 hr,supply
14606,GWW1,Soderglen Wind,Wind,Wind,1 hr,supply
278202,IOR4,Strathcona,Natural Gas,Cogen,1 hr,supply
336971,STR1,Strathmore 1,Solar,Solar,1 hr,supply
336975,STR2,Strathmore 2,Solar,Solar,1 hr,supply
1977,ST1,Sturgeon #1,Natural Gas,Natural Gas,1 hr,supply
1978,ST2,Sturgeon #2,Natural Gas,Natural Gas,1 hr,supply
278208,SUF1,Suffield,Solar,Solar,1 hr,supply
4772,IEW1,Summerview 1,Wind,Wind,1 hr,supply
86412,IEW2,Summerview 2,Wind,Wind,1 hr,supply
290373,SUM1,Summerview,Energy Storage,Energy Storage,1 hr,supply
15081,SCR3,Suncor Chin Chute,Wind,Wind,1 hr,supply
4533,SCR2,Suncor Magrath,Wind,Wind,1 hr,supply
101788,SCR4,Suncor Wintering Hills,Wind,Wind,1 hr,supply
1897,SD1,Sundance #1,Coal,Coal,1 hr,supply
1898,SD2,Sundance #2,Coal,Coal,1 hr,supply
1899,SD3,Sundance #3,Coal,Coal,1 hr,supply
1900,SD4,Sundance #4,Coal,Coal,1 hr,supply
1901,SD5,Sundance #5,Coal,Coal,1 hr,supply
1902,SD6,Sundance #6,Natural Gas,Gas Fired,1 hr,supply
2016,SCL1,Syncrude,Natural Gas,Cogen,1 hr,supply
1957,TAY1,Taylor Hydro 1,Hydro,Hydro,1 hr,supply
8408,TAY2,Taylor Wind,Wind,Wind,1 hr,supply
336691,TVS1,Travers,Solar,Solar,1 hr,supply
2037,UOA1,U of A,Natural Gas,Cogen,1 hr,supply
124129,UOC1,U of C,Natural Gas,Cogen,1 hr,supply
2031,VVW1,Valley View #1,Natural Gas,Simple Gas,1 hr,supply
45320,VVW2,Valley View 2,Natural Gas,Simple Gas,1 hr,supply
254131,VXH1,Vauxhall,Solar,Solar,1 hr,supply
1970,WB4,Wabamun #4,Coal,Coal,1 hr,supply
94041,WWD1,Weldwood #1,Biomass & Other,Biomass & Other,1 hr,supply
94042,WWD2,Weldwood #2,Biomass & Other,Biomass & Other,1 hr,supply
1961,WWDC,Weldwood,Biomass & Other,Biomass & Other,1 hr,supply
140972,WCD1,West Cadotte,Natural Gas,Simple Gas,1 hr,supply
292592,PMB1,West Pembina,Natural Gas,Simple Gas,1 hr,supply
292602,WEF1,Westfield Yellow Lake,Solar,Solar,1 hr,supply
2017,WST1,Westlock,Biomass & Other,Biomass & Other,1 hr,supply
98497,WEY1,Weyerhaeuser,Biomass & Other,Biomass & Other,1 hr,supply
2026,EAGL,Whitecourt Power,Biomass & Other,Biomass & Other,1 hr,supply
327191,WHT2,Whitla 2,Wind,Wind,1 hr,supply
244986,WHT1,Whitla,Wind,Wind,1 hr,supply
322574,WRW1,Windrise,Wind,Wind,1 hr,supply
120,BC,BC,BC,BC,5 min,supply
23695,BIO,Biomass & Other,Biomass & Other,Biomass & Other,5 min,supply
86,COAL,Coal,Coal,Coal,5 min,supply
322684,DUAL,Dual Fuel,Dual Fuel,Dual Fuel,5 min,supply
87,HYDRO,Hydro,Hydro,Hydro,5 min,supply
124947,MONT,Montana,Montana,Montana,5 min,supply
85,NATGAS,Natural Gas,Natural Gas,Natural Gas,5 min,supply
122,SASK,Saskatchewan,Saskatchewan,Saskatchewan,5 min,supply
322665,SOLAR,Solar,Solar,Solar,5 min,supply
322677,STORAGE,Energy Storage,Energy Storage,Energy Storage,5 min,supply
23694,WIND,Wind,Wind,Wind,5 min,supply
44651,BIO,Biomass & Other,Biomass & Other,Biomass & Other,month,outages
44648,COAL,Coal,Coal,Coal,month,outages
322689,DUAL,Dual Fuel,Dual Fuel,Dual Fuel,month,outages
118362,HYDRO,Hydro,Hydro,Hydro,month,outages
118361,NATGAS,Natural Gas,Natural Gas,Natural Gas,month,outages
322675,SOLAR,Solar,Solar,Solar,month,outages
322682,STORAGE,Energy Storage,Energy Storage,Energy Storage,month,outages
147262,WIND,Wind,Wind,Wind,month,outages
118366,BIO,Biomass & Other,Biomass & Other,Biomass & Other,daily,outages
118363,COAL,Coal,Coal,Coal,daily,outages
322685,DUAL,Dual Fuel,Dual Fuel,Dual Fuel,daily,outages
118365,HYDRO,Hydro,Hydro,Hydro,daily,outages
118364,NATGAS,Natural Gas,Natural Gas,Natural Gas,daily,outages
322667,SOLAR,Solar,Solar,Solar,daily,outages
322678,STORAGE,Energy Storage,Energy Storage,Energy Storage,daily,outages
147263,WIND,Wind,Wind,Wind,daily,outages
124,INTERTIE,Intertie,Intertie,Intertie,5 min,outages
1,PRICE,Pool Price,Pool Price,Pool Price,5 min,price
278763,24M-S&D,24M Supply Demand Forecast,24M Supply Demand Forecast,24M Supply Demand Forecast,month,forecast
102225,WIND7,7-Day Wind Forecast,7-Day Wind Forecast,7-Day Wind Forecast,1 hr,forecast
293354,SOLAR3,3-Day Solar Forecast,3-Day Solar Forecast,3-Day Solar Forecast,1 hr,forecast